2|4|19|4/18/2024 7:14:23 PM|-1|Free tour|Guide cancellation
3|4|19|4/18/2024 7:17:56 PM|-1|Free tour|Guide cancellation
4|4|19|4/18/2024 7:18:45 PM|-1|Free tour|Guide cancellation
5|4|19|4/18/2024 7:59:55 PM|-1|Free tour|Guide cancellation
6|4|19|4/18/2024 8:04:03 PM|-1|Free tour|Guide cancellation
7|4|19|4/18/2024 8:04:03 PM|-1|Free tour|Guide cancellation
8|4|22|4/19/2024 11:44:31 AM|-1|Free tour|Guide cancellation
9|4|22|4/19/2024 11:49:32 AM|-1|Free tour|Guide cancellation
10|4|1|5/14/2024 8:04:57 PM|-1|Free tour|Guide cancellation
11|3|1|5/14/2024 8:04:57 PM|-1|Free tour|Guide cancellation
12|4|1|5/25/2024 8:37:25 PM|-1|Free tour|Guide cancellation
13|3|1|5/25/2024 8:37:25 PM|-1|Free tour|Guide cancellation
14|4|2|5/25/2024 8:37:25 PM|-1|Free tour|Guide cancellation
15|4|7|5/25/2024 8:37:25 PM|-1|Free tour|Guide cancellation
16|4|9|5/25/2024 8:37:25 PM|-1|Free tour|Guide cancellation
17|4|13|5/25/2024 8:37:25 PM|-1|Free tour|Guide cancellation
18|4|21|5/25/2024 8:37:25 PM|-1|Free tour|Guide cancellation
19|4|22|5/25/2024 8:37:25 PM|-1|Free tour|Guide cancellation
20|4|-1|12/2/2023 8:07:55 PM|-1|Discount 30%|5 tours in 1 year
